{
  "type": "SPLIT",
  "direction": "VERTICAL",
  "resizable": false,
  "sizes": [80, 20],
  "elements": [{
    "type": "SPLIT",
    "direction": "HORIZONTAL",
    "resizable": true,
    "sizes": [80, 20],
    "elements": [{
      "type": "SPLIT",
      "direction": "VERTICAL",
      "resizable": true,
      "sizes": [50, 50],
      "elements": [{
        "type": "WEB_COMPONENT",
        "value": "eim-servers"
      }, {
        "type": "WEB_COMPONENT",
        "value": "eim-resources"
      }]
    }, {
      "type": "SPLIT",
      "direction": "VERTICAL",
      "sizes": [40, 70],
      "resizable": false,
      "elements": [{
        "type": "WEB_COMPONENT",
        "value": "eim-sidebar-products"
      }, {
        "type": "WEB_COMPONENT",
        "value": "eim-sidebar"
      }]
    }]
  }, {
    "type": "IFRAME",
    "value": "#/logs"
  }]
}
